"repo","study_area","status","last_mod","last_sha","last_msg","map_url","n_regions"
"abw","Aruba","[![](https://api.travis-ci.org/OHI-Science/abw.svg?branch=draft)](https://travis-ci.org/OHI-Science/abw/branches)","2015-05-21","142e6b1","enabled travis.yml with encrypted github token","http://ohi-science.org/abw/images/regions_30x20.png",1
"ago","Angola","[![](https://api.travis-ci.org/OHI-Science/ago.svg?branch=draft)](https://travis-ci.org/OHI-Science/ago/branches)","2015-05-20","69a9209","automatically calculate_scores from commit 1e1d8d124852ec78857bd415adbebed3189bda5f","http://ohi-science.org/ago/images/regions_30x20.png",7
"aia","Anguilla","[![](https://api.travis-ci.org/OHI-Science/aia.svg?branch=draft)](https://travis-ci.org/OHI-Science/aia/branches)","2014-11-29","9fe865c","automatically calculate_scores from commit ad51d7f1baef072dbfeb9ffaf097dc1f70df78ed [ci skip]","http://ohi-science.org/aia/images/regions_30x20.png",1
"alb","Albania","[![](https://api.travis-ci.org/OHI-Science/alb.svg?branch=draft)](https://travis-ci.org/OHI-Science/alb/branches)","2015-05-20","7970a28","enabled travis.yml with encrypted github token","http://ohi-science.org/alb/images/regions_30x20.png",6
"ant","Sint Eustatius","Sint Eustatius lumped in GADM to Bonaire, Saint Eustatius and Saba","2014-11-28","","","",
"are","United Arab Emirates","[![](https://api.travis-ci.org/OHI-Science/are.svg?branch=draft)](https://travis-ci.org/OHI-Science/are/branches)","2015-05-20","aa7af06","automatically calculate_scores from commit 830952af6c6f1f4e32fc526192d9bc4bbafc378c [ci skip]","http://ohi-science.org/are/images/regions_30x20.png",7
"arg","Argentina","[![](https://api.travis-ci.org/OHI-Science/arg.svg?branch=draft)](https://travis-ci.org/OHI-Science/arg/branches)","2015-05-20","1abb32f","enabled travis.yml with encrypted github token","http://ohi-science.org/arg/images/regions_30x20.png",7
"asc","Ascension","Ascension not found in GADM","2014-11-28","","","",
"asm","American Samoa","[![](https://api.travis-ci.org/OHI-Science/asm.svg?branch=draft)](https://travis-ci.org/OHI-Science/asm/branches)","2014-11-29","63a1d11","automatically calculate_scores from commit 3de35364793faa8b4cea72c98c21a5c3106eac43 [ci skip]","http://ohi-science.org/asm/images/regions_30x20.png",4
"ata","Antarctica","Antarctica already in https://github.com/OHI-Science/ohi-global","2014-11-28","","","",
"atg","Antigua and Barbuda","[![](https://api.travis-ci.org/OHI-Science/atg.svg?branch=draft)](https://travis-ci.org/OHI-Science/atg/branches)","2015-05-20","329bd80","automatically calculate_scores from commit f2e4acebe24e9bb327a7ed6b4d24caf497f2eea2 [ci_skip]","http://ohi-science.org/atg/images/regions_30x20.png",8
"aus","Australia","[![](https://api.travis-ci.org/OHI-Science/aus.svg?branch=draft)](https://travis-ci.org/OHI-Science/aus/branches)","2015-05-20","080bcc4","enabled travis.yml with encrypted github token","http://ohi-science.org/aus/images/regions_30x20.png",10
"bel","Belgium","[![](https://api.travis-ci.org/OHI-Science/bel.svg?branch=draft)](https://travis-ci.org/OHI-Science/bel/branches)","2015-05-20","4bbbae3","enabled travis.yml with encrypted github token","http://ohi-science.org/bel/images/regions_30x20.png",1
"ben","Benin","[![](https://api.travis-ci.org/OHI-Science/ben.svg?branch=draft)](https://travis-ci.org/OHI-Science/ben/branches)","2015-05-20","dcccc79","enabled travis.yml with encrypted github token","http://ohi-science.org/ben/images/regions_30x20.png",4
"bes","Saba","Saba lumped in GADM to Bonaire, Saint Eustatius and Saba","2014-11-28","","","",
"bgd","Bangladesh","[![](https://api.travis-ci.org/OHI-Science/bgd.svg?branch=draft)](https://travis-ci.org/OHI-Science/bgd/branches)","2015-05-20","d389e8a","enabled travis.yml with encrypted github token","http://ohi-science.org/bgd/images/regions_30x20.png",3
"bgr","Bulgaria","[![](https://api.travis-ci.org/OHI-Science/bgr.svg?branch=draft)](https://travis-ci.org/OHI-Science/bgr/branches)","2015-05-20","ed471e0","enabled travis.yml with encrypted github token","http://ohi-science.org/bgr/images/regions_30x20.png",3
"bhr","Bahrain","[![](https://api.travis-ci.org/OHI-Science/bhr.svg?branch=draft)](https://travis-ci.org/OHI-Science/bhr/branches)","2015-05-20","a49d39f","enabled travis.yml with encrypted github token","http://ohi-science.org/bhr/images/regions_30x20.png",5
"bhs","Bahamas","[![](https://api.travis-ci.org/OHI-Science/bhs.svg?branch=draft)](https://travis-ci.org/OHI-Science/bhs/branches)","2015-05-20","385e1b7","enabled travis.yml with encrypted github token","http://ohi-science.org/bhs/images/regions_30x20.png",32
"bih","Bosnia and Herzegovina","[![](https://api.travis-ci.org/OHI-Science/bih.svg?branch=draft)](https://travis-ci.org/OHI-Science/bih/branches)","2015-05-20","1b90dd2","automatically calculate_scores from commit 3cf66cb0bd02a85a17434a4bc5e7039ef1d9b35d [ci skip]","http://ohi-science.org/bih/images/regions_30x20.png",1
"blz","Belize","[![](https://api.travis-ci.org/OHI-Science/blz.svg?branch=draft)](https://travis-ci.org/OHI-Science/blz/branches)","2015-05-21","3f26f3c","enabled travis.yml with encrypted github token","http://ohi-science.org/blz/images/regions_30x20.png",4
"bmu","Bermuda","[![](https://api.travis-ci.org/OHI-Science/bmu.svg?branch=draft)](https://travis-ci.org/OHI-Science/bmu/branches)","2015-05-20","a50d251","automatically calculate_scores from commit 2f79b1d166b46f6f9a0880fb0332b6a5847988db [ci skip]","http://ohi-science.org/bmu/images/regions_30x20.png",11
"bra","Brazil","[![](https://api.travis-ci.org/OHI-Science/bra.svg?branch=draft)](https://travis-ci.org/OHI-Science/bra/branches)","2015-05-20","3686558","enabled travis.yml with encrypted github token","http://ohi-science.org/bra/images/regions_30x20.png",17
"brb","Barbados","[![](https://api.travis-ci.org/OHI-Science/brb.svg?branch=draft)](https://travis-ci.org/OHI-Science/brb/branches)","2015-05-20","6e716d2","enabled travis.yml with encrypted github token","http://ohi-science.org/brb/images/regions_30x20.png",9
"brn","Brunei","[![](https://api.travis-ci.org/OHI-Science/brn.svg?branch=draft)](https://travis-ci.org/OHI-Science/brn/branches)","2015-05-20","c31f409","enabled travis.yml with encrypted github token","http://ohi-science.org/brn/images/regions_30x20.png",4
"bvt","Bouvet Island","[![](https://api.travis-ci.org/OHI-Science/bvt.svg?branch=draft)](https://travis-ci.org/OHI-Science/bvt/branches)","2014-11-26","498f188","automatically calculate_scores from commit 386d24495223ff0db62826d8dae374c772a2cfa2 [ci_skip]","http://ohi-science.org/bvt/images/regions_30x20.png",
"can","Canada","[![](https://api.travis-ci.org/OHI-Science/can.svg?branch=draft)](https://travis-ci.org/OHI-Science/can/branches)","2015-05-20","780b631","enabled travis.yml with encrypted github token","http://ohi-science.org/can/images/regions_30x20.png",11
"cck","Cocos Islands","[![](https://api.travis-ci.org/OHI-Science/cck.svg?branch=draft)](https://travis-ci.org/OHI-Science/cck/branches)","2015-05-21","8147f98","automatically calculate_scores from commit ba23193641d9006af4c1f1fbb1e655f5b5200ecd [ci_skip]","http://ohi-science.org/cck/images/regions_30x20.png",1
"chl","Chile","[![](https://api.travis-ci.org/OHI-Science/chl.svg?branch=draft)](https://travis-ci.org/OHI-Science/chl/branches)","2015-05-20","8e6c67a","enabled travis.yml with encrypted github token","http://ohi-science.org/chl/images/regions_30x20.png",12
"chn","China","[![](https://api.travis-ci.org/OHI-Science/chn.svg?branch=draft)](https://travis-ci.org/OHI-Science/chn/branches)","2014-11-26","1caa35c","enabled travis.yml with encrypted github token","http://ohi-science.org/chn/images/regions_30x20.png",11
"civ","Ivory Coast","draft repo not yet generated","","","","",
"cmr","Cameroon","[![](https://api.travis-ci.org/OHI-Science/cmr.svg?branch=draft)](https://travis-ci.org/OHI-Science/cmr/branches)","2015-05-20","6751ca4","enabled travis.yml with encrypted github token","http://ohi-science.org/cmr/images/regions_30x20.png",3
"cod","Democratic Republic of the Congo","[![](https://api.travis-ci.org/OHI-Science/cod.svg?branch=draft)](https://travis-ci.org/OHI-Science/cod/branches)","2015-05-21","56da39e","automatically calculate_scores from commit facc544b804d0ec610bfa47e9ca0a163e37efa16 [ci_skip]","http://ohi-science.org/cod/images/regions_30x20.png",1
"cog","Republique du Congo","[![](https://api.travis-ci.org/OHI-Science/cog.svg?branch=draft)](https://travis-ci.org/OHI-Science/cog/branches)","2015-05-19","a1ef21c","Update launch_app_code.R","http://ohi-science.org/cog/images/regions_30x20.png",1
"cok","Cook Islands","[![](https://api.travis-ci.org/OHI-Science/cok.svg?branch=draft)](https://travis-ci.org/OHI-Science/cok/branches)","2015-05-21","bfe97cc","automatically calculate_scores from commit e0f1bab5e89aa9a22bcbad146de724e22e9061a1 [ci_skip]","http://ohi-science.org/cok/images/regions_30x20.png",1
"col","Colombia","[![](https://api.travis-ci.org/OHI-Science/col.svg?branch=draft)](https://travis-ci.org/OHI-Science/col/branches)","2015-05-20","79bcc8c","enabled travis.yml with encrypted github token","http://ohi-science.org/col/images/regions_30x20.png",12
"com","Comoro Islands","[![](https://api.travis-ci.org/OHI-Science/com.svg?branch=draft)](https://travis-ci.org/OHI-Science/com/branches)","2015-05-21","c69280e","automatically calculate_scores from commit 455cbf754106381c6de644418b2ec1a5b8bd7861 [ci_skip]","http://ohi-science.org/com/images/regions_30x20.png",3
"cpt","Clipperton Island","[![](https://api.travis-ci.org/OHI-Science/cpt.svg?branch=draft)](https://travis-ci.org/OHI-Science/cpt/branches)","2014-11-28","d8b0a63","automatically calculate_scores from commit 4098d8eb09059287069741610df30d45a0941a0c [ci_skip]","http://ohi-science.org/cpt/images/regions_30x20.png",
"cpv","Cape Verde","[![](https://api.travis-ci.org/OHI-Science/cpv.svg?branch=draft)](https://travis-ci.org/OHI-Science/cpv/branches)","2015-05-21","710ae87","automatically calculate_scores from commit 86580d1cc6fc5e74f9f77dcbe8a13d5793665361 [ci_skip]","http://ohi-science.org/cpv/images/regions_30x20.png",17
"cri","Costa Rica","[![](https://api.travis-ci.org/OHI-Science/cri.svg?branch=draft)](https://travis-ci.org/OHI-Science/cri/branches)","2015-05-21","626a67f","automatically calculate_scores from commit c0aa131778322f5251823cfd5f376f9132f7b6e0 [ci_skip]","http://ohi-science.org/cri/images/regions_30x20.png",3
"cub","Cuba","[![](https://api.travis-ci.org/OHI-Science/cub.svg?branch=draft)](https://travis-ci.org/OHI-Science/cub/branches)","2015-05-20","dabf515","enabled travis.yml with encrypted github token","http://ohi-science.org/cub/images/regions_30x20.png",15
"cuw","Curacao","[![](https://api.travis-ci.org/OHI-Science/cuw.svg?branch=draft)](https://travis-ci.org/OHI-Science/cuw/branches)","2014-11-28","031c234","automatically calculate_scores from commit c28b7d54c1bfce6f5cc7aa0f911f45cbddcebcc9 [ci_skip]","http://ohi-science.org/cuw/images/regions_30x20.png",
"cxr","Christmas Island","[![](https://api.travis-ci.org/OHI-Science/cxr.svg?branch=draft)](https://travis-ci.org/OHI-Science/cxr/branches)","2015-05-21","6e19645","automatically calculate_scores from commit fbe031559789f94f32f0afa7af615c8434e75d9e [ci_skip]","http://ohi-science.org/cxr/images/regions_30x20.png",1
"cym","Cayman Islands","[![](https://api.travis-ci.org/OHI-Science/cym.svg?branch=draft)](https://travis-ci.org/OHI-Science/cym/branches)","2015-05-21","090d2a2","automatically calculate_scores from commit c97fb24031655d1c8ca664017d77d3db70e801c0 [ci_skip]","http://ohi-science.org/cym/images/regions_30x20.png",7
"cyp","Cyprus","[![](https://api.travis-ci.org/OHI-Science/cyp.svg?branch=draft)](https://travis-ci.org/OHI-Science/cyp/branches)","2015-05-20","f9d716e","enabled travis.yml with encrypted github token","http://ohi-science.org/cyp/images/regions_30x20.png",6
"deu","Germany","[![](https://api.travis-ci.org/OHI-Science/deu.svg?branch=draft)](https://travis-ci.org/OHI-Science/deu/branches)","2015-05-20","563e1f6","enabled travis.yml with encrypted github token","http://ohi-science.org/deu/images/regions_30x20.png",4
"dji","Djibouti","[![](https://api.travis-ci.org/OHI-Science/dji.svg?branch=draft)](https://travis-ci.org/OHI-Science/dji/branches)","2014-11-29","7b401d6","automatically calculate_scores from commit 16f316b996d6425169240efcf78dcd2c34fafdc4 [ci skip]","http://ohi-science.org/dji/images/regions_30x20.png",4
"dma","Dominica","[![](https://api.travis-ci.org/OHI-Science/dma.svg?branch=draft)](https://travis-ci.org/OHI-Science/dma/branches)","2015-05-20","eeaa436","enabled travis.yml with encrypted github token","http://ohi-science.org/dma/images/regions_30x20.png",10
"dnk","Denmark","[![](https://api.travis-ci.org/OHI-Science/dnk.svg?branch=draft)](https://travis-ci.org/OHI-Science/dnk/branches)","2015-05-20","1d6b891","enabled travis.yml with encrypted github token","http://ohi-science.org/dnk/images/regions_30x20.png",14
"dom","Dominican Republic","[![](https://api.travis-ci.org/OHI-Science/dom.svg?branch=draft)](https://travis-ci.org/OHI-Science/dom/branches)","2015-05-21","97dfc73","automatically calculate_scores from commit 1304b43f43536d9bfcf4aa50a65eee9862918623 [ci_skip]","http://ohi-science.org/dom/images/regions_30x20.png",17
"dza","Algeria","[![](https://api.travis-ci.org/OHI-Science/dza.svg?branch=draft)](https://travis-ci.org/OHI-Science/dza/branches)","2015-05-20","a36e75a","enabled travis.yml with encrypted github token","http://ohi-science.org/dza/images/regions_30x20.png",14
"ecu","Ecuador","[![](https://api.travis-ci.org/OHI-Science/ecu.svg?branch=draft)](https://travis-ci.org/OHI-Science/ecu/branches)","2015-05-20","397dc87","enabled travis.yml with encrypted github token","http://ohi-science.org/ecu/images/regions_30x20.png",5
"egy","Egypt","[![](https://api.travis-ci.org/OHI-Science/egy.svg?branch=draft)](https://travis-ci.org/OHI-Science/egy/branches)","2014-11-28","c589d7c","automatically calculate_scores from commit dfc7903e5de3ad04531e0b2a2ac8c69d6f39ad91 [ci_skip]","http://ohi-science.org/egy/images/regions_30x20.png",
"eri","Eritrea","[![](https://api.travis-ci.org/OHI-Science/eri.svg?branch=draft)](https://travis-ci.org/OHI-Science/eri/branches)","2015-05-20","08d16f0","enabled travis.yml with encrypted github token","http://ohi-science.org/eri/images/regions_30x20.png",2
"esh","Western Sahara","[![](https://api.travis-ci.org/OHI-Science/esh.svg?branch=draft)](https://travis-ci.org/OHI-Science/esh/branches)","2015-05-21","14a19b6","automatically calculate_scores from commit b469037afa15a4e56ec58be09afc529566c96c2c [ci_skip]","http://ohi-science.org/esh/images/regions_30x20.png",3
"esp","Spain","[![](https://api.travis-ci.org/OHI-Science/esp.svg?branch=draft)](https://travis-ci.org/OHI-Science/esp/branches)","2015-05-20","9e2996a","enabled travis.yml with encrypted github token","http://ohi-science.org/esp/images/regions_30x20.png",10
"est","Estonia","[![](https://api.travis-ci.org/OHI-Science/est.svg?branch=draft)](https://travis-ci.org/OHI-Science/est/branches)","2014-11-28","19cdd50","automatically calculate_scores from commit ebc5da4be7939e8df4bc78a75fe9af5cf9939874 [ci_skip]","http://ohi-science.org/est/images/regions_30x20.png",
"fin","Finland","[![](https://api.travis-ci.org/OHI-Science/fin.svg?branch=draft)](https://travis-ci.org/OHI-Science/fin/branches)","2014-11-28","5b4c3a5","automatically calculate_scores from commit 065bd4a0d8da9ff9d606be8ef798209360cadb54 [ci_skip]","http://ohi-science.org/fin/images/regions_30x20.png",
"fji","Fiji","[![](https://api.travis-ci.org/OHI-Science/fji.svg?branch=draft)](https://travis-ci.org/OHI-Science/fji/branches)","2015-05-20","a735cb3","enabled travis.yml with encrypted github token","http://ohi-science.org/fji/images/regions_30x20.png",5
"flk","Falkland Islands","[![](https://api.travis-ci.org/OHI-Science/flk.svg?branch=draft)](https://travis-ci.org/OHI-Science/flk/branches)","2015-05-21","303ae1a","automatically calculate_scores from commit bdf4f5b772a1a9a9c123d0990d013d04118fcec1 [ci_skip]","http://ohi-science.org/flk/images/regions_30x20.png",1
"fra","France","[![](https://api.travis-ci.org/OHI-Science/fra.svg?branch=draft)](https://travis-ci.org/OHI-Science/fra/branches)","2014-11-28","601d3cd","automatically calculate_scores from commit f5ee1f077205b8ae042e2f5e28d94694e453845e [ci_skip]","http://ohi-science.org/fra/images/regions_30x20.png",
"fro","Faeroe Islands","[![](https://api.travis-ci.org/OHI-Science/fro.svg?branch=draft)](https://travis-ci.org/OHI-Science/fro/branches)","2015-05-21","ad5367b","automatically calculate_scores from commit 0a2dc6c4a8eefdffd6bd0fb4a5db186fb6c1ef1e [ci skip]","http://ohi-science.org/fro/images/regions_30x20.png",6
"fsm","Micronesia","[![](https://api.travis-ci.org/OHI-Science/fsm.svg?branch=draft)](https://travis-ci.org/OHI-Science/fsm/branches)","2015-05-20","9e0b1cc","enabled travis.yml with encrypted github token","http://ohi-science.org/fsm/images/regions_30x20.png",4
"gab","Gabon","[![](https://api.travis-ci.org/OHI-Science/gab.svg?branch=draft)](https://travis-ci.org/OHI-Science/gab/branches)","2015-05-20","cdbe2d9","enabled travis.yml with encrypted github token","http://ohi-science.org/gab/images/regions_30x20.png",3
"gbr","United Kingdom","[![](https://api.travis-ci.org/OHI-Science/gbr.svg?branch=draft)](https://travis-ci.org/OHI-Science/gbr/branches)","2015-05-21","48d6a80","automatically calculate_scores from commit b32ec042e6f390e0fe8d7e841d32fcd4a2139162 [ci_skip]","http://ohi-science.org/gbr/images/regions_30x20.png",4
"geo","Georgia","[![](https://api.travis-ci.org/OHI-Science/geo.svg?branch=draft)](https://travis-ci.org/OHI-Science/geo/branches)","2015-05-20","a24140f","enabled travis.yml with encrypted github token","http://ohi-science.org/geo/images/regions_30x20.png",4
"ggy","Guernsey","[![](https://api.travis-ci.org/OHI-Science/ggy.svg?branch=draft)](https://travis-ci.org/OHI-Science/ggy/branches)","2014-11-28","38cf6f0","automatically calculate_scores from commit 1c98bd39c6511f12c373bb3a8c1374e2b818d12f [ci_skip]","http://ohi-science.org/ggy/images/regions_30x20.png",
"gha","Ghana","[![](https://api.travis-ci.org/OHI-Science/gha.svg?branch=draft)](https://travis-ci.org/OHI-Science/gha/branches)","2015-05-20","d337991","enabled travis.yml with encrypted github token","http://ohi-science.org/gha/images/regions_30x20.png",4
"gib","Gibraltar","[![](https://api.travis-ci.org/OHI-Science/gib.svg?branch=draft)](https://travis-ci.org/OHI-Science/gib/branches)","2015-05-20","904db82","enabled travis.yml with encrypted github token","http://ohi-science.org/gib/images/regions_30x20.png",1
"gin","Guinea","[![](https://api.travis-ci.org/OHI-Science/gin.svg?branch=draft)](https://travis-ci.org/OHI-Science/gin/branches)","2014-11-24","cfcce84","automatically calculate_scores from commit 63e63ac17b137f27741e9d5a85b835374e326e55 [ci_skip]","http://ohi-science.org/gin/images/regions_30x20.png",3
"gmb","Gambia","[![](https://api.travis-ci.org/OHI-Science/gmb.svg?branch=draft)](https://travis-ci.org/OHI-Science/gmb/branches)","2015-05-20","8b0d542","enabled travis.yml with encrypted github token","http://ohi-science.org/gmb/images/regions_30x20.png",4
"gnb","Guinea Bissau","[![](https://api.travis-ci.org/OHI-Science/gnb.svg?branch=draft)](https://travis-ci.org/OHI-Science/gnb/branches)","2014-11-24","07963a1","automatically calculate_scores from commit c7a49fff046a92bbab6008f9ec6c7e8732a2ab7f [ci_skip]","http://ohi-science.org/gnb/images/regions_30x20.png",8
"gnq","Equatorial Guinea","[![](https://api.travis-ci.org/OHI-Science/gnq.svg?branch=draft)](https://travis-ci.org/OHI-Science/gnq/branches)","2015-05-22","bf6eaea","automatically calculate_scores from commit 31b44e27b02386131423e20d0f18bb2c1bcfca99 [ci_skip]","http://ohi-science.org/gnq/images/regions_30x20.png",4
"grc","Greece","[![](https://api.travis-ci.org/OHI-Science/grc.svg?branch=draft)](https://travis-ci.org/OHI-Science/grc/branches)","2014-11-24","817879f","automatically calculate_scores from commit 757705ea13852ae0688995de9c867df30b65cfdf [ci_skip]","http://ohi-science.org/grc/images/regions_30x20.png",13
"grd","Grenada","[![](https://api.travis-ci.org/OHI-Science/grd.svg?branch=draft)](https://travis-ci.org/OHI-Science/grd/branches)","2015-05-22","1bb3bd8","enabled travis.yml with encrypted github token","http://ohi-science.org/grd/images/regions_30x20.png",7
"grl","Greenland","[![](https://api.travis-ci.org/OHI-Science/grl.svg?branch=draft)](https://travis-ci.org/OHI-Science/grl/branches)","2014-11-28","615aa62","automatically calculate_scores from commit f915e7b8d7b736ec51cb286cb9a973e136252500 [ci_skip]","http://ohi-science.org/grl/images/regions_30x20.png",3
"gtm","Guatemala","[![](https://api.travis-ci.org/OHI-Science/gtm.svg?branch=draft)](https://travis-ci.org/OHI-Science/gtm/branches)","2014-11-28","a79c52e","automatically calculate_scores from commit a3da438bc6f37ab747b62b6ca4fefe9ee007be6f [ci_skip]","http://ohi-science.org/gtm/images/regions_30x20.png",
"guf","French Guiana","[![](https://api.travis-ci.org/OHI-Science/guf.svg?branch=draft)](https://travis-ci.org/OHI-Science/guf/branches)","2014-11-24","f7534ef","automatically calculate_scores from commit 43825cca510cdd0aff4523325d90bcc788cf29a8 [ci_skip]","http://ohi-science.org/guf/images/regions_30x20.png",2
"guy","Guyana","[![](https://api.travis-ci.org/OHI-Science/guy.svg?branch=draft)](https://travis-ci.org/OHI-Science/guy/branches)","2014-11-28","2f587af","automatically calculate_scores from commit f4dedf418dd212b1cff630bd5bbf08fb43481946 [ci_skip]","http://ohi-science.org/guy/images/regions_30x20.png",
"hmd","Heard and McDonald Islands","[![](https://api.travis-ci.org/OHI-Science/hmd.svg?branch=draft)](https://travis-ci.org/OHI-Science/hmd/branches)","2014-11-28","d835895","automatically calculate_scores from commit 99c61cfdc9d02bd5133e7de6974977528cfab2c4 [ci_skip]","http://ohi-science.org/hmd/images/regions_30x20.png",
"hnd","Honduras","[![](https://api.travis-ci.org/OHI-Science/hnd.svg?branch=draft)](https://travis-ci.org/OHI-Science/hnd/branches)","2014-11-24","d74db94","automatically calculate_scores from commit 5aabc51f3d0944a44d2f7bbaf04b06a2a5e2165b [ci_skip]","http://ohi-science.org/hnd/images/regions_30x20.png",7
"hrv","Croatia","[![](https://api.travis-ci.org/OHI-Science/hrv.svg?branch=draft)](https://travis-ci.org/OHI-Science/hrv/branches)","2014-11-26","19a1d7b","automatically calculate_scores from commit 06f96fa30336dec784f363a8d4107cc325a80b64 [ci_skip]","http://ohi-science.org/hrv/images/regions_30x20.png",7
"hti","Haiti","[![](https://api.travis-ci.org/OHI-Science/hti.svg?branch=draft)](https://travis-ci.org/OHI-Science/hti/branches)","2014-11-26","74f6a8f","automatically calculate_scores from commit fdeb035b344054ff4ff0f0a87f2c37489be2c96f [ci_skip]","http://ohi-science.org/hti/images/regions_30x20.png",9
"idn","Indonesia","[![](https://api.travis-ci.org/OHI-Science/idn.svg?branch=draft)](https://travis-ci.org/OHI-Science/idn/branches)","2014-11-26","75a81ad","automatically calculate_scores from commit 977cfd5f036e92e35723bc6b3021f636b74dbe3f [ci_skip]","http://ohi-science.org/idn/images/regions_30x20.png",33
"ind","India","[![](https://api.travis-ci.org/OHI-Science/ind.svg?branch=draft)](https://travis-ci.org/OHI-Science/ind/branches)","2014-11-28","1ba1d0f","automatically calculate_scores from commit b60985153a835929745e53807639d513022ca078 [ci_skip]","http://ohi-science.org/ind/images/regions_30x20.png",
"iot","British Indian Ocean Territory","[![](https://api.travis-ci.org/OHI-Science/iot.svg?branch=draft)](https://travis-ci.org/OHI-Science/iot/branches)","2014-11-28","c1f3be3","automatically calculate_scores from commit 1b61f186d29b97d62ddcd3ee3265c35fd17f10bb [ci skip]","http://ohi-science.org/iot/images/regions_30x20.png",1
"irl","Ireland","[![](https://api.travis-ci.org/OHI-Science/irl.svg?branch=draft)](https://travis-ci.org/OHI-Science/irl/branches)","2014-11-28","8ed16fb","automatically calculate_scores from commit b6f74d8de70c347dd26f340f1a8ddca55e1b9311 [ci_skip]","http://ohi-science.org/irl/images/regions_30x20.png",17
"irn","Iran","[![](https://api.travis-ci.org/OHI-Science/irn.svg?branch=draft)](https://travis-ci.org/OHI-Science/irn/branches)","2014-11-26","4dc60c5","automatically calculate_scores from commit 4a2eaaef0910b329945614fdb6532487a2dc6d76 [ci_skip]","http://ohi-science.org/irn/images/regions_30x20.png",4
"irq","Iraq","[![](https://api.travis-ci.org/OHI-Science/irq.svg?branch=draft)](https://travis-ci.org/OHI-Science/irq/branches)","2014-11-28","2ba0404","automatically calculate_scores from commit 7cbe7b341b59166d1dfbbdf9e8db4387f96ed138 [ci_skip]","http://ohi-science.org/irq/images/regions_30x20.png",1
"isl","Iceland","[![](https://api.travis-ci.org/OHI-Science/isl.svg?branch=draft)](https://travis-ci.org/OHI-Science/isl/branches)","2014-11-26","b9cbb94","automatically calculate_scores from commit e3d604677cfed4b21849645ae040ba90960a2962 [ci_skip]","http://ohi-science.org/isl/images/regions_30x20.png",8
"isr","Israel","Israel skipped because already at https://github.com/OHI-Science/ohi-israel","2014-11-28","","","",
"ita","Italy","[![](https://api.travis-ci.org/OHI-Science/ita.svg?branch=draft)](https://travis-ci.org/OHI-Science/ita/branches)","2014-11-26","bba805e","automatically calculate_scores from commit 8debefcd03dd7b7b33d25c7485292b46d0ca1282 [ci_skip]","http://ohi-science.org/ita/images/regions_30x20.png",15
"jam","Jamaica","[![](https://api.travis-ci.org/OHI-Science/jam.svg?branch=draft)](https://travis-ci.org/OHI-Science/jam/branches)","2014-11-26","6a245b6","automatically calculate_scores from commit 65962c1f8141985ae7d2ff4c818539f7e8278565 [ci_skip]","http://ohi-science.org/jam/images/regions_30x20.png",14
"jey","Jersey","[![](https://api.travis-ci.org/OHI-Science/jey.svg?branch=draft)](https://travis-ci.org/OHI-Science/jey/branches)","2014-11-28","3a0c8c8","automatically calculate_scores from commit 449e5150deacd0f377271360c0457de23e171722 [ci_skip]","http://ohi-science.org/jey/images/regions_30x20.png",
"jor","Jordan","[![](https://api.travis-ci.org/OHI-Science/jor.svg?branch=draft)](https://travis-ci.org/OHI-Science/jor/branches)","2014-11-24","7a18d23","automatically calculate_scores from commit d64edbf240fd1ea99ef1951bebb2c2449b433006 [ci_skip]","http://ohi-science.org/jor/images/regions_30x20.png",1
"jpn","Japan","[![](https://api.travis-ci.org/OHI-Science/jpn.svg?branch=draft)](https://travis-ci.org/OHI-Science/jpn/branches)","2014-11-28","a3ee105","automatically calculate_scores from commit a0cea3e3cb236a0cee9e63b8336ef322f4ca2f63 [ci_skip]","http://ohi-science.org/jpn/images/regions_30x20.png",
"ken","Kenya","[![](https://api.travis-ci.org/OHI-Science/ken.svg?branch=draft)](https://travis-ci.org/OHI-Science/ken/branches)","2014-11-28","b4c6f00","automatically calculate_scores from commit 50b06d17ea31952dcc35a3ac16985bcc5a6c7a8a [ci_skip]","http://ohi-science.org/ken/images/regions_30x20.png",1
"khm","Cambodia","[![](https://api.travis-ci.org/OHI-Science/khm.svg?branch=draft)](https://travis-ci.org/OHI-Science/khm/branches)","2014-11-24","29cd815","automatically calculate_scores from commit 9e006a813803e6fc038b96e613cdf0c92ad30049 [ci_skip]","http://ohi-science.org/khm/images/regions_30x20.png",4
"kir","Kiribati","[![](https://api.travis-ci.org/OHI-Science/kir.svg?branch=draft)](https://travis-ci.org/OHI-Science/kir/branches)","2014-11-29","44912e5","automatically calculate_scores from commit 21e24df28a389adfb2490f0495e75b8625d4dc33 [ci skip]","http://ohi-science.org/kir/images/regions_30x20.png",1
"kna","Saint Kitts and Nevis","[![](https://api.travis-ci.org/OHI-Science/kna.svg?branch=draft)](https://travis-ci.org/OHI-Science/kna/branches)","2014-11-28","ed42fcd","automatically calculate_scores from commit 2e740bde4e5c06510c68e0637d601eb4ba685a6d [ci_skip]","http://ohi-science.org/kna/images/regions_30x20.png",14
"kor","South Korea","[![](https://api.travis-ci.org/OHI-Science/kor.svg?branch=draft)](https://travis-ci.org/OHI-Science/kor/branches)","2014-11-28","f07e63e","automatically calculate_scores from commit e87250ca2f4c6add55e87e6f28f9b2b90fc85f20 [ci_skip]","http://ohi-science.org/kor/images/regions_30x20.png",
"kwt","Kuwait","[![](https://api.travis-ci.org/OHI-Science/kwt.svg?branch=draft)](https://travis-ci.org/OHI-Science/kwt/branches)","2014-11-29","693d07c","automatically calculate_scores from commit 22d25994131609f1989953faf98830a32c0298bd [ci skip]","http://ohi-science.org/kwt/images/regions_30x20.png",4
"lbn","Lebanon","[![](https://api.travis-ci.org/OHI-Science/lbn.svg?branch=draft)](https://travis-ci.org/OHI-Science/lbn/branches)","2014-11-24","fe2b166","automatically calculate_scores from commit 1d3b159b214c625ec93f1bccc508e23a8eed0548 [ci_skip]","http://ohi-science.org/lbn/images/regions_30x20.png",4
"lbr","Liberia","[![](https://api.travis-ci.org/OHI-Science/lbr.svg?branch=draft)](https://travis-ci.org/OHI-Science/lbr/branches)","2014-11-24","7264a49","automatically calculate_scores from commit ee419bee5d3a4acba2d4cd2a99af48e09a07fe4a [ci_skip]","http://ohi-science.org/lbr/images/regions_30x20.png",9
"lby","Libya","[![](https://api.travis-ci.org/OHI-Science/lby.svg?branch=draft)](https://travis-ci.org/OHI-Science/lby/branches)","2014-11-24","cfdc6cc","automatically calculate_scores from commit d568ccf899f72058e027d346f31107568af2e61a [ci_skip]","http://ohi-science.org/lby/images/regions_30x20.png",16
"lca","Saint Lucia","[![](https://api.travis-ci.org/OHI-Science/lca.svg?branch=draft)](https://travis-ci.org/OHI-Science/lca/branches)","2014-11-29","4438a32","automatically calculate_scores from commit 7f0e14bdc795b145b3b3ef52839eaef6bd41ad1f [ci skip]","http://ohi-science.org/lca/images/regions_30x20.png",10
"lka","Sri Lanka","[![](https://api.travis-ci.org/OHI-Science/lka.svg?branch=draft)](https://travis-ci.org/OHI-Science/lka/branches)","2014-11-26","3334d97","automatically calculate_scores from commit 0de7e33e2bedcaaef7fd36956b7304484e0db668 [ci_skip]","http://ohi-science.org/lka/images/regions_30x20.png",14
"ltu","Lithuania","[![](https://api.travis-ci.org/OHI-Science/ltu.svg?branch=draft)](https://travis-ci.org/OHI-Science/ltu/branches)","2014-11-28","998e26a","automatically calculate_scores from commit 55eab4bcef6ee19f2357da2d9ea7ddad0abdbaf3 [ci_skip]","http://ohi-science.org/ltu/images/regions_30x20.png",
"lva","Latvia","[![](https://api.travis-ci.org/OHI-Science/lva.svg?branch=draft)](https://travis-ci.org/OHI-Science/lva/branches)","2014-11-28","71717c0","automatically calculate_scores from commit ecf6b04cdeb4f46cdad78480d3859e06562afaaa [ci_skip]","http://ohi-science.org/lva/images/regions_30x20.png",
"maf","Northern Saint-Martin","[![](https://api.travis-ci.org/OHI-Science/maf.svg?branch=draft)](https://travis-ci.org/OHI-Science/maf/branches)","2014-11-28","42e7946","automatically calculate_scores from commit b72c7d6240a62506aa70718b0fb3f93455eda999 [ci_skip]","http://ohi-science.org/maf/images/regions_30x20.png",
"mar","Morocco","[![](https://api.travis-ci.org/OHI-Science/mar.svg?branch=draft)](https://travis-ci.org/OHI-Science/mar/branches)","2014-11-24","aa06e39","automatically calculate_scores from commit 49e3c6febe62f110646cdbeb4974bc6896b37ccb [ci_skip]","http://ohi-science.org/mar/images/regions_30x20.png",12
"mco","Monaco","[![](https://api.travis-ci.org/OHI-Science/mco.svg?branch=draft)](https://travis-ci.org/OHI-Science/mco/branches)","2014-11-28","ee75570","automatically calculate_scores from commit 4c0ad646710d25c5f4ba05f5ba44359d2c26f7ba [ci_skip]","http://ohi-science.org/mco/images/regions_30x20.png",
"mdg","Madagascar","[![](https://api.travis-ci.org/OHI-Science/mdg.svg?branch=draft)](https://travis-ci.org/OHI-Science/mdg/branches)","2014-11-24","d2739d7","automatically calculate_scores from commit 1aeacac2d2a7d682f7706874d80d2f58116c40a6 [ci_skip]","http://ohi-science.org/mdg/images/regions_30x20.png",5
"mdv","Maldives","[![](https://api.travis-ci.org/OHI-Science/mdv.svg?branch=draft)](https://travis-ci.org/OHI-Science/mdv/branches)","2014-11-24","f2d2ed7","automatically calculate_scores from commit 9fa464181c2a29e2cd0781078350d45690a9e6ce [ci_skip]","http://ohi-science.org/mdv/images/regions_30x20.png",1
"mex","Mexico","[![](https://api.travis-ci.org/OHI-Science/mex.svg?branch=draft)](https://travis-ci.org/OHI-Science/mex/branches)","2014-11-24","6b97e36","automatically calculate_scores from commit 3ff908726259575f2dc1635c0a5f7e4fa5f4f327 [ci_skip]","http://ohi-science.org/mex/images/regions_30x20.png",17
"mhl","Marshall Islands","[![](https://api.travis-ci.org/OHI-Science/mhl.svg?branch=draft)](https://travis-ci.org/OHI-Science/mhl/branches)","2014-11-29","7f6b4ab","automatically calculate_scores from commit ac3745ac1b282830c4d4744875f53a2968bccd79 [ci skip]","http://ohi-science.org/mhl/images/regions_30x20.png",1
"mlt","Malta","[![](https://api.travis-ci.org/OHI-Science/mlt.svg?branch=draft)](https://travis-ci.org/OHI-Science/mlt/branches)","2014-11-29","f24148d","automatically calculate_scores from commit 9ef589b659865ad800620647ef3ce0f0e0328a82 [ci skip]","http://ohi-science.org/mlt/images/regions_30x20.png",1
"mmr","Myanmar","[![](https://api.travis-ci.org/OHI-Science/mmr.svg?branch=draft)](https://travis-ci.org/OHI-Science/mmr/branches)","2014-11-29","5bfdf20","automatically calculate_scores from commit 6a51aac836695872052c1a0be5f08c29035245c7 [ci skip]","http://ohi-science.org/mmr/images/regions_30x20.png",7
"mne","Montenegro","[![](https://api.travis-ci.org/OHI-Science/mne.svg?branch=draft)](https://travis-ci.org/OHI-Science/mne/branches)","2014-11-29","2cde3ab","automatically calculate_scores from commit 81a7137be25bb3231bf09a1e8331e4dfe6d0e7d1 [ci skip]","http://ohi-science.org/mne/images/regions_30x20.png",6
"mnp","Northern Mariana Islands and Guam","Northern Mariana Islands and Guam split in GADM to Northern Mariana Islands | Guam","2014-11-28","","","",
"moz","Mozambique","[![](https://api.travis-ci.org/OHI-Science/moz.svg?branch=draft)](https://travis-ci.org/OHI-Science/moz/branches)","2014-11-24","bda90eb","automatically calculate_scores from commit 9c7e58d7a9029b02259a97273aca45a322e505c4 [ci_skip]","http://ohi-science.org/moz/images/regions_30x20.png",7
"mrt","Mauritania","[![](https://api.travis-ci.org/OHI-Science/mrt.svg?branch=draft)](https://travis-ci.org/OHI-Science/mrt/branches)","2014-11-29","65f8f31","automatically calculate_scores from commit 9cba51c700fe2ac33306164aced8852420c9159c [ci skip]","http://ohi-science.org/mrt/images/regions_30x20.png",4
"msr","Montserrat","[![](https://api.travis-ci.org/OHI-Science/msr.svg?branch=draft)](https://travis-ci.org/OHI-Science/msr/branches)","2014-11-24","5768839","automatically calculate_scores from commit 69d82bd4dfc9801642407e8ff2ccd2a6e5cf8f84 [ci_skip]","http://ohi-science.org/msr/images/regions_30x20.png",1
"mus","Mauritius","[![](https://api.travis-ci.org/OHI-Science/mus.svg?branch=draft)](https://travis-ci.org/OHI-Science/mus/branches)","2014-11-29","8dc09c9","automatically calculate_scores from commit 43d40ee91210934274ce77ea3d7d5d51d4cf830d [ci skip]","http://ohi-science.org/mus/images/regions_30x20.png",10
"mys","Malaysia","[![](https://api.travis-ci.org/OHI-Science/mys.svg?branch=draft)](https://travis-ci.org/OHI-Science/mys/branches)","2014-11-24","17afe15","automatically calculate_scores from commit 386e7c2bfe5e773667db2280f59a5cc11bb6b23b [ci_skip]","http://ohi-science.org/mys/images/regions_30x20.png",13
"myt","Mayotte","[![](https://api.travis-ci.org/OHI-Science/myt.svg?branch=draft)](https://travis-ci.org/OHI-Science/myt/branches)","2014-11-29","d07b3e4","automatically calculate_scores from commit bf6341136aae83ac6625e7c33d7cdee4457841cf [ci skip]","http://ohi-science.org/myt/images/regions_30x20.png",16
"nam","Namibia","[![](https://api.travis-ci.org/OHI-Science/nam.svg?branch=draft)](https://travis-ci.org/OHI-Science/nam/branches)","2014-11-25","f49ad15","automatically calculate_scores from commit 0fda95966f4fa54d0dc9c497933e7c53bdd8aac0 [ci_skip]","http://ohi-science.org/nam/images/regions_30x20.png",4
"ncl","New Caledonia","[![](https://api.travis-ci.org/OHI-Science/ncl.svg?branch=draft)](https://travis-ci.org/OHI-Science/ncl/branches)","2014-11-25","4510781","automatically calculate_scores from commit 46629544a771eeb1aea4e39ce5578c733d442370 [ci_skip]","http://ohi-science.org/ncl/images/regions_30x20.png",3
"nfk","Norfolk Island","[![](https://api.travis-ci.org/OHI-Science/nfk.svg?branch=draft)](https://travis-ci.org/OHI-Science/nfk/branches)","2014-11-29","20f4eae","automatically calculate_scores from commit 2a68351a35aad7f56fbcd86fbbce7ab435a5866b [ci skip]","http://ohi-science.org/nfk/images/regions_30x20.png",1
"nga","Nigeria","[![](https://api.travis-ci.org/OHI-Science/nga.svg?branch=draft)](https://travis-ci.org/OHI-Science/nga/branches)","2014-11-29","c0ef73b","automatically calculate_scores from commit 6c8916577247ac0182a9328d6f4aff7b47a70c87 [ci skip]","http://ohi-science.org/nga/images/regions_30x20.png",9
"nic","Nicaragua","[![](https://api.travis-ci.org/OHI-Science/nic.svg?branch=draft)](https://travis-ci.org/OHI-Science/nic/branches)","2014-11-29","719f441","automatically calculate_scores from commit 708eed9909f8ab23cc8ceeb0af1bf3327564432f [ci skip]","http://ohi-science.org/nic/images/regions_30x20.png",8
"niu","Niue","[![](https://api.travis-ci.org/OHI-Science/niu.svg?branch=draft)](https://travis-ci.org/OHI-Science/niu/branches)","2014-11-29","c40e4b8","automatically calculate_scores from commit ba826c334195b9812225e8fb0d9928abf925b254 [ci skip]","http://ohi-science.org/niu/images/regions_30x20.png",1
"nld","Netherlands","[![](https://api.travis-ci.org/OHI-Science/nld.svg?branch=draft)](https://travis-ci.org/OHI-Science/nld/branches)","2014-11-28","c7266bd","enabled travis.yml with encrypted github token","http://ohi-science.org/nld/images/regions_30x20.png",
"nor","Norway","[![](https://api.travis-ci.org/OHI-Science/nor.svg?branch=draft)](https://travis-ci.org/OHI-Science/nor/branches)","2014-11-29","54cc533","automatically calculate_scores from commit 3790edf9e75d5d074d7e0fb480378c5393bb71dd [ci skip]","http://ohi-science.org/nor/images/regions_30x20.png",17
"nru","Nauru","[![](https://api.travis-ci.org/OHI-Science/nru.svg?branch=draft)](https://travis-ci.org/OHI-Science/nru/branches)","2014-11-29","1d34904","automatically calculate_scores from commit ff03d3a8872ddbf9ad7c1385319d24e191eca4d5 [ci skip]","http://ohi-science.org/nru/images/regions_30x20.png",13
"nzl","New Zealand","[![](https://api.travis-ci.org/OHI-Science/nzl.svg?branch=draft)](https://travis-ci.org/OHI-Science/nzl/branches)","2014-11-29","845c64c","automatically calculate_scores from commit 45c3abe8dc4f980e195212b3ab195ff90450c80e [ci skip]","http://ohi-science.org/nzl/images/regions_30x20.png",16
"omn","Oman","[![](https://api.travis-ci.org/OHI-Science/omn.svg?branch=draft)](https://travis-ci.org/OHI-Science/omn/branches)","2014-11-29","33348d9","automatically calculate_scores from commit b82baeb895d8f2765120f1f00699a47aeb668f32 [ci skip]","http://ohi-science.org/omn/images/regions_30x20.png",6
"pak","Pakistan","[![](https://api.travis-ci.org/OHI-Science/pak.svg?branch=draft)](https://travis-ci.org/OHI-Science/pak/branches)","2014-11-25","6edc885","automatically calculate_scores from commit 47a0293fc7272801f81d2807f7cb3b64fa29b834 [ci_skip]","http://ohi-science.org/pak/images/regions_30x20.png",2
"pan","Panama","[![](https://api.travis-ci.org/OHI-Science/pan.svg?branch=draft)](https://travis-ci.org/OHI-Science/pan/branches)","2014-11-25","a9e260f","automatically calculate_scores from commit 41be7e944922fbfb9c17b0af32ecbf7abd52ee68 [ci_skip]","http://ohi-science.org/pan/images/regions_30x20.png",11
"pcn","Pitcairn","Pitcairn not found in GADM","2014-11-28","","","",
"per","Peru","[![](https://api.travis-ci.org/OHI-Science/per.svg?branch=draft)](https://travis-ci.org/OHI-Science/per/branches)","2014-11-25","4fea5e2","automatically calculate_scores from commit 217fc92f2aa0bb2d38f937b8799a87376a9103c5 [ci_skip]","http://ohi-science.org/per/images/regions_30x20.png",11
"phl","Philippines","[![](https://api.travis-ci.org/OHI-Science/phl.svg?branch=draft)](https://travis-ci.org/OHI-Science/phl/branches)","2014-11-25","a750ffd","automatically calculate_scores from commit b9d26ee15c6eb75e2bbb44ca999dde4875cf93ba [ci_skip]","http://ohi-science.org/phl/images/regions_30x20.png",67
"plw","Palau","[![](https://api.travis-ci.org/OHI-Science/plw.svg?branch=draft)](https://travis-ci.org/OHI-Science/plw/branches)","2014-11-25","1999932","automatically calculate_scores from commit 71e9e3aac10c4b71391d67afb58a02cf27b67507 [ci_skip]","http://ohi-science.org/plw/images/regions_30x20.png",13
"png","Papua New Guinea","[![](https://api.travis-ci.org/OHI-Science/png.svg?branch=draft)](https://travis-ci.org/OHI-Science/png/branches)","2014-11-25","f462230","automatically calculate_scores from commit 6d0fe2f16f669107d1820a17f6664011ee1b1180 [ci_skip]","http://ohi-science.org/png/images/regions_30x20.png",14
"pol","Poland","[![](https://api.travis-ci.org/OHI-Science/pol.svg?branch=draft)](https://travis-ci.org/OHI-Science/pol/branches)","2014-11-28","3e0e940","enabled travis.yml with encrypted github token","http://ohi-science.org/pol/images/regions_30x20.png",
"prk","North Korea","[![](https://api.travis-ci.org/OHI-Science/prk.svg?branch=draft)](https://travis-ci.org/OHI-Science/prk/branches)","2014-11-25","71e8d47","automatically calculate_scores from commit 3d29b9e8fb54c942fc1cffbe5ed5d9d7d5db651f [ci_skip]","http://ohi-science.org/prk/images/regions_30x20.png",8
"prt","Portugal","[![](https://api.travis-ci.org/OHI-Science/prt.svg?branch=draft)](https://travis-ci.org/OHI-Science/prt/branches)","2014-11-25","c64045b","automatically calculate_scores from commit c26b4e12cb5645cbc1a58d2ac01f45659858be56 [ci_skip]","http://ohi-science.org/prt/images/regions_30x20.png",11
"pyf","French Polynesia","[![](https://api.travis-ci.org/OHI-Science/pyf.svg?branch=draft)](https://travis-ci.org/OHI-Science/pyf/branches)","2014-11-25","54d7619","automatically calculate_scores from commit a1d3faf57d7c1bdb2df999322af81d167d4724da [ci_skip]","http://ohi-science.org/pyf/images/regions_30x20.png",1
"qat","Qatar","[![](https://api.travis-ci.org/OHI-Science/qat.svg?branch=draft)](https://travis-ci.org/OHI-Science/qat/branches)","2014-11-29","a9eb8ed","automatically calculate_scores from commit e9339908623c39a804beb9a55cf42d9d381d5179 [ci skip]","http://ohi-science.org/qat/images/regions_30x20.png",8
"reu","Reunion","[![](https://api.travis-ci.org/OHI-Science/reu.svg?branch=draft)](https://travis-ci.org/OHI-Science/reu/branches)","2014-11-25","998ab74","automatically calculate_scores from commit fd5943fc4186e22041466cba2fab8cdb3137e1ca [ci_skip]","http://ohi-science.org/reu/images/regions_30x20.png",4
"rou","Romania","[![](https://api.travis-ci.org/OHI-Science/rou.svg?branch=draft)](https://travis-ci.org/OHI-Science/rou/branches)","2014-11-29","3e91cb6","automatically calculate_scores from commit be63deef18f7276925e7775c683f0a94d6e3217e [ci skip]","http://ohi-science.org/rou/images/regions_30x20.png",2
"rus","Russia","[![](https://api.travis-ci.org/OHI-Science/rus.svg?branch=draft)](https://travis-ci.org/OHI-Science/rus/branches)","2014-11-29","aa81ed0","automatically calculate_scores from commit d8acf841b4a764548834f58e766fafb4ad30d7f5 [ci skip]","http://ohi-science.org/rus/images/regions_30x20.png",19
"sau","Saudi Arabia","[![](https://api.travis-ci.org/OHI-Science/sau.svg?branch=draft)](https://travis-ci.org/OHI-Science/sau/branches)","2014-11-29","c6b6033","automatically calculate_scores from commit 0a57a0d0f20850e7faeca428240e568e0049bbcd [ci skip]","http://ohi-science.org/sau/images/regions_30x20.png",6
"sdn","Sudan","[![](https://api.travis-ci.org/OHI-Science/sdn.svg?branch=draft)](https://travis-ci.org/OHI-Science/sdn/branches)","2014-11-29","62c3a4b","automatically calculate_scores from commit 64d09155b8a18a84aaae49f0519b55457c5e8b10 [ci skip]","http://ohi-science.org/sdn/images/regions_30x20.png",1
"sen","Senegal","[![](https://api.travis-ci.org/OHI-Science/sen.svg?branch=draft)](https://travis-ci.org/OHI-Science/sen/branches)","2014-11-29","69be1c0","automatically calculate_scores from commit bf26ba53946a5339581509ca2d5548dd59b32977 [ci skip]","http://ohi-science.org/sen/images/regions_30x20.png",6
"sgp","Singapore","[![](https://api.travis-ci.org/OHI-Science/sgp.svg?branch=draft)](https://travis-ci.org/OHI-Science/sgp/branches)","2014-11-29","4f37f8d","automatically calculate_scores from commit a61d2f2dabb1cba36b6abf7dac04271a16f1afc4 [ci skip]","http://ohi-science.org/sgp/images/regions_30x20.png",1
"sgs","South Georgia and the South Sandwich Islands","[![](https://api.travis-ci.org/OHI-Science/sgs.svg?branch=draft)](https://travis-ci.org/OHI-Science/sgs/branches)","2014-11-29","88bab96","automatically calculate_scores from commit a48c7154e7cb2dbbcb133f976ba79cd5d4828322 [ci skip]","http://ohi-science.org/sgs/images/regions_30x20.png",1
"shn","Saint Helena","[![](https://api.travis-ci.org/OHI-Science/shn.svg?branch=draft)](https://travis-ci.org/OHI-Science/shn/branches)","2014-11-29","e804bcc","automatically calculate_scores from commit b5b0dbd9a41748bfc1cf254ce23c977ebee9905a [ci skip]","http://ohi-science.org/shn/images/regions_30x20.png",1
"sjm","Jan Mayen","Jan Mayen not found in GADM","2014-11-28","","","",
"slb","Solomon Islands","[![](https://api.travis-ci.org/OHI-Science/slb.svg?branch=draft)](https://travis-ci.org/OHI-Science/slb/branches)","2014-11-26","879f16f","automatically calculate_scores from commit 28cb39e7deb749dc2b97e7bb70263745c30928fd [ci_skip]","http://ohi-science.org/slb/images/regions_30x20.png",8
"sle","Sierra Leone","[![](https://api.travis-ci.org/OHI-Science/sle.svg?branch=draft)](https://travis-ci.org/OHI-Science/sle/branches)","2014-11-26","bf34ac6","automatically calculate_scores from commit e0e0a2a1f51017e45894197b63243a560c62e950 [ci_skip]","http://ohi-science.org/sle/images/regions_30x20.png",3
"slv","El Salvador","[![](https://api.travis-ci.org/OHI-Science/slv.svg?branch=draft)](https://travis-ci.org/OHI-Science/slv/branches)","2014-11-25","4a64b68","automatically calculate_scores from commit c9308273ce613252e14f1a94a83b25a05224839e [ci_skip]","http://ohi-science.org/slv/images/regions_30x20.png",8
"som","Somalia","[![](https://api.travis-ci.org/OHI-Science/som.svg?branch=draft)](https://travis-ci.org/OHI-Science/som/branches)","2014-11-29","22222f4","automatically calculate_scores from commit 9f8c3fef563bd69abf8b2f40369f0496ee37e89a [ci skip]","http://ohi-science.org/som/images/regions_30x20.png",12
"spm","Saint Pierre and Miquelon","[![](https://api.travis-ci.org/OHI-Science/spm.svg?branch=draft)](https://travis-ci.org/OHI-Science/spm/branches)","2014-11-29","0311382","automatically calculate_scores from commit 8ec072827d27b09fc0d59f8dbdcb8eb2cd2640b5 [ci skip]","http://ohi-science.org/spm/images/regions_30x20.png",2
"stp","Sao Tome and Principe","[![](https://api.travis-ci.org/OHI-Science/stp.svg?branch=draft)](https://travis-ci.org/OHI-Science/stp/branches)","2014-11-26","fae9f85","automatically calculate_scores from commit d831d602ab085f0fdb4243d8e74a0becd08c0c00 [ci_skip]","http://ohi-science.org/stp/images/regions_30x20.png",2
"sur","Suriname","[![](https://api.travis-ci.org/OHI-Science/sur.svg?branch=draft)](https://travis-ci.org/OHI-Science/sur/branches)","2014-11-29","cb60868","automatically calculate_scores from commit 3325e89087555aa437a641760440765c19f518c9 [ci skip]","http://ohi-science.org/sur/images/regions_30x20.png",7
"svn","Slovenia","[![](https://api.travis-ci.org/OHI-Science/svn.svg?branch=draft)](https://travis-ci.org/OHI-Science/svn/branches)","2014-11-29","8e38ad8","automatically calculate_scores from commit 4145c582015eada01035a5a3aa4f6dc26c2877eb [ci skip]","http://ohi-science.org/svn/images/regions_30x20.png",1
"swe","Sweden","[![](https://api.travis-ci.org/OHI-Science/swe.svg?branch=draft)](https://travis-ci.org/OHI-Science/swe/branches)","2014-11-25","5d68dbe","automatically calculate_scores from commit a0779618b5e0147e87f0ea9a596b478539832b6d [ci_skip]","http://ohi-science.org/swe/images/regions_30x20.png",14
"sxm","Sint Maarten","[![](https://api.travis-ci.org/OHI-Science/sxm.svg?branch=draft)](https://travis-ci.org/OHI-Science/sxm/branches)","2014-11-25","0bf95dd","automatically calculate_scores from commit 1881999947eabaf637ef42387d91d87e226c1739 [ci_skip]","http://ohi-science.org/sxm/images/regions_30x20.png",1
"syc","Seychelles","[![](https://api.travis-ci.org/OHI-Science/syc.svg?branch=draft)](https://travis-ci.org/OHI-Science/syc/branches)","2014-11-25","7735365","automatically calculate_scores from commit 96d04756925d8922998008f4f47f452c1e9603d0 [ci_skip]","http://ohi-science.org/syc/images/regions_30x20.png",1
"syr","Syria","[![](https://api.travis-ci.org/OHI-Science/syr.svg?branch=draft)](https://travis-ci.org/OHI-Science/syr/branches)","2014-11-29","2449e87","automatically calculate_scores from commit 08760c7780a4c25ae99d1132dffeec7d470dae88 [ci skip]","http://ohi-science.org/syr/images/regions_30x20.png",2
"taa","Tristan da Cunha","Tristan da Cunha not found in GADM","2014-11-28","","","",
"tca","Turks and Caicos Islands","[![](https://api.travis-ci.org/OHI-Science/tca.svg?branch=draft)](https://travis-ci.org/OHI-Science/tca/branches)","2014-11-29","7d84839","automatically calculate_scores from commit 841ff9972dc4a3d94fbda92bf1981ff5deda8c9d [ci skip]","http://ohi-science.org/tca/images/regions_30x20.png",6
"tgo","Togo","[![](https://api.travis-ci.org/OHI-Science/tgo.svg?branch=draft)](https://travis-ci.org/OHI-Science/tgo/branches)","2014-11-29","5cc10c0","automatically calculate_scores from commit 2a6dbfd5fcd7834d8c514f5e0aa1b010ccb79381 [ci skip]","http://ohi-science.org/tgo/images/regions_30x20.png",1
"tha","Thailand","[![](https://api.travis-ci.org/OHI-Science/tha.svg?branch=draft)](https://travis-ci.org/OHI-Science/tha/branches)","2014-11-29","caf76c0","automatically calculate_scores from commit bc8f069d1d85c7a4b198b0cb9a8f2f4d0c716371 [ci skip]","http://ohi-science.org/tha/images/regions_30x20.png",24
"tkl","Tokelau","[![](https://api.travis-ci.org/OHI-Science/tkl.svg?branch=draft)](https://travis-ci.org/OHI-Science/tkl/branches)","2014-11-29","a45df31","automatically calculate_scores from commit f17abba63261c37f4218c242f7a35ab5ebbcfafa [ci skip]","http://ohi-science.org/tkl/images/regions_30x20.png",3
"tls","East Timor","[![](https://api.travis-ci.org/OHI-Science/tls.svg?branch=draft)](https://travis-ci.org/OHI-Science/tls/branches)","2014-11-29","ece39fe","automatically calculate_scores from commit 7a2f5e875db23d0b08ce1c73578461f90d6c3616 [ci skip]","http://ohi-science.org/tls/images/regions_30x20.png",10
"ton","Tonga","[![](https://api.travis-ci.org/OHI-Science/ton.svg?branch=draft)](https://travis-ci.org/OHI-Science/ton/branches)","2014-11-29","c7c8dd3","automatically calculate_scores from commit 2f92e26ac3e4c645d45edeb66f8106f58b8b6537 [ci skip]","http://ohi-science.org/ton/images/regions_30x20.png",5
"tto","Trinidad and Tobago","[![](https://api.travis-ci.org/OHI-Science/tto.svg?branch=draft)](https://travis-ci.org/OHI-Science/tto/branches)","2014-11-29","869c446","automatically calculate_scores from commit 28c806bbbf83b7da65bab0ab52c8c202e5fabf4b [ci skip]","http://ohi-science.org/tto/images/regions_30x20.png",14
"tun","Tunisia","[![](https://api.travis-ci.org/OHI-Science/tun.svg?branch=draft)](https://travis-ci.org/OHI-Science/tun/branches)","2014-11-29","f9fa34d","automatically calculate_scores from commit a75adf6895b439cdc223fd525f8d377e719468e2 [ci skip]","http://ohi-science.org/tun/images/regions_30x20.png",13
"tur","Turkey","[![](https://api.travis-ci.org/OHI-Science/tur.svg?branch=draft)](https://travis-ci.org/OHI-Science/tur/branches)","2014-11-29","e68df2c","automatically calculate_scores from commit 621f50f224033866fd00c33631b9a503f93189f9 [ci skip]","http://ohi-science.org/tur/images/regions_30x20.png",28
"tuv","Tuvalu","[![](https://api.travis-ci.org/OHI-Science/tuv.svg?branch=draft)](https://travis-ci.org/OHI-Science/tuv/branches)","2014-11-29","b28e39c","automatically calculate_scores from commit cc8dc106b0addd87bc7c2e6d40073622ce979baa [ci skip]","http://ohi-science.org/tuv/images/regions_30x20.png",5
"twn","Taiwan","[![](https://api.travis-ci.org/OHI-Science/twn.svg?branch=draft)](https://travis-ci.org/OHI-Science/twn/branches)","2014-11-29","c6733e3","automatically calculate_scores from commit ce2239f3750a6175ada462c1ac177bf31459f873 [ci skip]","http://ohi-science.org/twn/images/regions_30x20.png",3
"tza","Tanzania","[![](https://api.travis-ci.org/OHI-Science/tza.svg?branch=draft)](https://travis-ci.org/OHI-Science/tza/branches)","2014-11-29","14a4fce","automatically calculate_scores from commit 2a0069bbb3b6850550671ec28f7bd6a015143dd5 [ci skip]","http://ohi-science.org/tza/images/regions_30x20.png",10
"ukr","Ukraine","[![](https://api.travis-ci.org/OHI-Science/ukr.svg?branch=draft)](https://travis-ci.org/OHI-Science/ukr/branches)","2014-11-29","88b4b55","automatically calculate_scores from commit d99f424296193db39a95fd63a870aac8e0405417 [ci skip]","http://ohi-science.org/ukr/images/regions_30x20.png",7
"ury","Uruguay","[![](https://api.travis-ci.org/OHI-Science/ury.svg?branch=draft)](https://travis-ci.org/OHI-Science/ury/branches)","2014-11-29","f4fc432","automatically calculate_scores from commit 0ab34e6a52b2034d260d09c6c47ddbe4b147026f [ci skip]","http://ohi-science.org/ury/images/regions_30x20.png",8
"usa","United States","[![](https://api.travis-ci.org/OHI-Science/usa.svg?branch=draft)](https://travis-ci.org/OHI-Science/usa/branches)","2014-11-29","9f640f2","automatically calculate_scores from commit ac0f7ea6ef85ef12ea162c66661d22b802f621df [ci skip]","http://ohi-science.org/usa/images/regions_30x20.png",24
"vct","Saint Vincent and the Grenadines","[![](https://api.travis-ci.org/OHI-Science/vct.svg?branch=draft)](https://travis-ci.org/OHI-Science/vct/branches)","2014-11-29","97f447d","automatically calculate_scores from commit ca7ca530d2155cc8b89f0b573394c11ca3008c69 [ci skip]","http://ohi-science.org/vct/images/regions_30x20.png",6
"ven","Venezuela","[![](https://api.travis-ci.org/OHI-Science/ven.svg?branch=draft)](https://travis-ci.org/OHI-Science/ven/branches)","2014-11-29","8b5bfa1","automatically calculate_scores from commit 621912aeb1961a2617dc2ab3776d941be754f1f5 [ci skip]","http://ohi-science.org/ven/images/regions_30x20.png",14
"vgb","British Virgin Islands","[![](https://api.travis-ci.org/OHI-Science/vgb.svg?branch=draft)](https://travis-ci.org/OHI-Science/vgb/branches)","2014-11-25","81d9377","automatically calculate_scores from commit c95da280136e6e974270191e2f3804ad1476dd25 [ci_skip]","http://ohi-science.org/vgb/images/regions_30x20.png",1
"vnm","Vietnam","[![](https://api.travis-ci.org/OHI-Science/vnm.svg?branch=draft)](https://travis-ci.org/OHI-Science/vnm/branches)","2014-11-29","57128f6","automatically calculate_scores from commit 49c2517ec3cde94664bf8821b082508c49bb40d0 [ci skip]","http://ohi-science.org/vnm/images/regions_30x20.png",6
"vut","Vanuatu","[![](https://api.travis-ci.org/OHI-Science/vut.svg?branch=draft)](https://travis-ci.org/OHI-Science/vut/branches)","2014-11-29","fe45c23","automatically calculate_scores from commit f0946d49417947ed57253bf6a9d0201567363e0d [ci skip]","http://ohi-science.org/vut/images/regions_30x20.png",6
"wlf","Wallis and Futuna","[![](https://api.travis-ci.org/OHI-Science/wlf.svg?branch=draft)](https://travis-ci.org/OHI-Science/wlf/branches)","2014-11-29","205352d","automatically calculate_scores from commit 5c358e0ac00e8c5e413d5f5b496e419629d83205 [ci skip]","http://ohi-science.org/wlf/images/regions_30x20.png",3
"wsm","Samoa","[![](https://api.travis-ci.org/OHI-Science/wsm.svg?branch=draft)](https://travis-ci.org/OHI-Science/wsm/branches)","2014-11-29","2c40923","automatically calculate_scores from commit 5a9a0e712af37d2bcfa7d6282ae7f5d6e4e047f1 [ci skip]","http://ohi-science.org/wsm/images/regions_30x20.png",11
"xan","Andaman and Nicobar","Andaman and Nicobar not found in GADM","2014-11-28","","","",
"xas","Amsterdam Island and Saint Paul Island","Amsterdam Island and Saint Paul Island not found in GADM","2014-11-28","","","",
"xaz","Azores","Azores not found in GADM","2014-11-28","","","",
"xbi","Bassas da India","Bassas da India not found in GADM","2014-11-28","","","",
"xbq","Bonaire","Bonaire lumped in GADM to Bonaire, Saint Eustatius and Saba","2014-11-28","","","",
"xci","Canary Islands","Canary Islands not found in GADM","2014-11-28","","","",
"xcz","Crozet Islands","Crozet Islands not found in GADM","2014-11-28","","","",
"xeu","Ile Europa","Ile Europa not found in GADM","2014-11-28","","","",
"xgl","Glorioso Islands","Glorioso Islands not found in GADM","2014-11-28","","","",
"xgm","Guadeloupe and Martinique","Guadeloupe and Martinique split in GADM to Guadeloupe | Martinique","2014-11-28","","","",
"xhb","Howland Island and Baker Island","Howland Island and Baker Island not found in GADM","2014-11-28","","","",
"xit","Ile Tromelin","Ile Tromelin not found in GADM","2014-11-28","","","",
"xjn","Juan de Nova Island","Juan de Nova Island not found in GADM","2014-11-28","","","",
"xjo","Johnston Atoll","Johnston Atoll not found in GADM","2014-11-28","","","",
"xjv","Jarvis Island","Jarvis Island not found in GADM","2014-11-28","","","",
"xkg","Kerguelen Islands","Kerguelen Islands not found in GADM","2014-11-28","","","",
"xlg","Line Group","Line Group not found in GADM","2014-11-28","","","",
"xma","Madeira","Madeira not found in GADM","2014-11-28","","","",
"xmq","Macquarie Island","Macquarie Island not found in GADM","2014-11-28","","","",
"xoa","Oecussi Ambeno","Oecussi Ambeno not found in GADM","2014-11-28","","","",
"xpa","Palmyra Atoll","Palmyra Atoll not found in GADM","2014-11-28","","","",
"xpe","Prince Edward Islands","Prince Edward Islands not found in GADM","2014-11-28","","","",
"xpv","Puerto Rico and Virgin Islands of the United States","Puerto Rico and Virgin Islands of the United States split in GADM to Puerto Rico | Virgin Islands, U.S.","2014-11-28","","","",
"xpx","Phoenix Group","Phoenix Group not found in GADM","2014-11-28","","","",
"xwk","Wake Island","Wake Island not found in GADM","2014-11-28","","","",
"yem","Yemen","[![](https://api.travis-ci.org/OHI-Science/yem.svg?branch=draft)](https://travis-ci.org/OHI-Science/yem/branches)","2014-11-29","5b9d9a3","automatically calculate_scores from commit bcb689e49bf25acd243ef3bf834a1a5577f4385a [ci skip]","http://ohi-science.org/yem/images/regions_30x20.png",9
"zaf","South Africa","[![](https://api.travis-ci.org/OHI-Science/zaf.svg?branch=draft)](https://travis-ci.org/OHI-Science/zaf/branches)","2014-11-26","5f97933","automatically calculate_scores from commit 01b6525b8f9b9f64559af5208ea411a54c5ad200 [ci_skip]","http://ohi-science.org/zaf/images/regions_30x20.png",4
